KundenNr,Kaufdatum,AnsprechpartnerName,Menge,Bruttopreis
Aa24_148966,2024-12-16,,23.0,10582.39
Aa24_589135,2024-11-08,Simon,46.0,577633.41
Aa24_969548,2024-02-17,Richter,49.0,63457.75
Aa24_669085,2024-06-07,Lange,34.0,213989.92
Aa24_288939,2024-07-06,,10.0,28973.49
Aa24_706071,2024-04-04,Kraft,57.0,482196.06
Aa24_392083,2024-09-20,,36.0,218681.15
Aa24_732523,2024-04-05,,11.0,452292.49
Aa24_207055,2024-06-29,,9.0,575457.22
Aa24_721930,2024-11-10,Barth,32.0,270265.5
Aa24_785249,2024-10-02,Vogel,21.0,261205.55
Aa24_955383,2024-02-02,Schulze,0.1,318478.14
Aa24_559889,2024-10-11,Weber,11.0,403020.24
Aa24_410276,2024-09-01,Heinrich,22.0,2182.41
Aa24_226221,2024-11-19,Schmitz,38.0,391494.67
Aa24_302632,2024-08-07,Franz,15.0,529314.03
Aa24_680228,2024-03-17,,58.0,161940.17
Aa24_280765,2024-07-21,,31.0,35360.4
Aa24_745520,2024-11-14,Werner,53.0,292496.35
Aa24_897663,2024-06-14,Graf,10.0,186876.35
Aa24_261748,2024-04-06,Walter,26.0,597785.62
Aa24_467445,2024-03-26,Mayer,27.0,28462.09
Aa24_669739,2024-04-13,,26.0,457783.58
Aa24_864655,2024-01-13,,42.0,77287.56
Aa24_594893,2024-05-26,Böhm,11.0,77580.57
Aa24_984428,2024-09-30,Brandt,5.0,152884.43
Aa24_907315,2024-04-19,Winter,36.3,438410.06
Aa24_197769,2024-10-31,Lang,9.0,700361.6
Aa24_129068,2024-04-15,Krause,47.0,269194.08
Aa24_340406,2024-01-30,Mayer,45.0,11376.33
Aa24_421205,2024-04-15,Michel,16.0,145284.7
Aa24_291686,2024-12-06,,43.0,75063.9
Aa24_697093,2024-09-25,Braun,47.0,93007.6
Aa24_798026,2024-09-27,Böhm,24.0,375611.11
Aa24_213626,2024-01-31,Schulte,56.0,212680.86
Aa24_736364,2024-09-09,Brandt,17.0,542371.6
Aa24_731754,2024-02-23,Hermann,9.0,616208.31
Aa24_423547,2024-05-05,Hofmann,26.0,275083.04
Aa24_330532,2024-10-15,Arnold,0.1,373332.91
Aa24_540341,2024-12-03,Friedrich,60.0,61305.0
Aa24_999532,2024-01-06,Arnold,60.0,287419.23
Aa24_644698,2024-09-25,,25.0,307.39
Aa24_955533,2024-05-26,Becker,35.0,437328.42
Aa24_874735,2024-03-16,Becker,9.0,103955.94
Aa24_714102,2024-04-20,Jäger,48.0,394756.48
Aa24_747397,2024-11-06,Voigt,23.0,366532.81
Aa24_938667,2024-06-02,Lang,59.0,182570.9
Aa24_764591,2024-11-18,Winter,7.0,328950.24
Aa24_181602,2024-03-23,Jäger,7.0,530658.65
Aa24_190464,2024-10-27,Ludwig,13.0,485955.9
Aa24_754496,2024-09-13,Kühn,65.0,11685.3
Aa24_813501,2024-03-13,Schmitz,15.0,143543.52
Aa24_805843,2024-12-12,Schulte,60.0,227805.29
Aa24_436837,2024-03-26,Hofmann,24.0,150042.16
Aa24_989677,2024-05-08,,38.0,218207.22
Aa24_782294,2024-10-30,,11.0,18635.52
Aa24_155142,2024-06-20,Winter,47.0,611558.82
Aa24_685723,2024-09-25,,24.0,189854.16
Aa24_185144,2024-07-11,,65.0,8222.64
Aa24_991651,2024-11-17,Krause,45.0,175342.5
Aa24_176368,2024-07-19,Krüger,58.0,551323.67
Aa24_904496,2024-07-23,Krause,41.0,89763.52
Aa24_529032,2024-04-16,Beer,23.0,693249.03
Aa24_841454,2024-01-09,Müller,19.0,46394.38
Aa24_413924,2024-11-07,Richter,31.0,134968.36
Aa24_172316,2024-04-22,Kurz,20.0,159713.69
Aa24_762329,2024-02-06,Graf,60.0,15536.5
Aa24_572819,2024-01-02,Wolf,34.0,23893.62
Aa24_543047,2024-04-29,Krüger,64.0,106296.92
Aa24_778022,2024-03-08,,9.0,213385.5
Aa24_154474,2024-06-13,Ackermann,20.0,98751.09
Aa24_787404,2024-07-20,,47.0,104634.86
Aa24_642440,2024-08-22,Kurz,33.0,472021.12
Aa24_465808,2024-05-06,,26.0,269883.21
Aa24_961417,2024-11-29,Schneider,1.0,244216.49
Aa24_890516,2024-10-20,Huber,16.0,28207.23
Aa24_120817,2024-12-08,Zimmermann,36.0,476322.18
Aa24_583538,2024-03-04,Reinhardt,10.0,82575.71
Aa24_486859,2024-04-19,Walter,38.0,30049.56
Aa24_429296,2024-04-26,Brandt,25.0,180966.18
Aa24_639054,2024-12-29,Jäger,39.0,306391.65
Aa24_490287,2024-02-01,Schmid,58.0,6950.34
Aa24_779722,2024-08-21,Friedrich,47.0,286094.04
Aa24_720144,2024-04-17,Busch,40.0,364509.41
Aa24_896174,2024-02-23,Maier,42.0,37102.16
Aa24_515400,2024-05-15,Heinrich,13.0,166923.88
Aa24_355061,2024-03-10,Nowak,63.0,46323.2
Aa24_815053,2024-10-22,Wagner,12.0,603552.77
Aa24_666026,2024-09-14,Schmitt,13.0,132489.4
Aa24_639339,2024-09-08,Kaiser,36.0,375486.36
Aa24_390711,2024-05-25,Michel,16.0,308688.21
Aa24_532954,2024-02-13,Kraus,8.0,52616.15
Aa24_651256,2024-08-02,Lange,29.0,114718.2
Aa24_674402,2024-01-29,Urban,38.0,4769.18
Aa24_323424,2024-04-13,,11.0,338281.89
Aa24_372373,2024-12-15,Berger,47.0,278432.06
Aa24_806817,2024-06-25,Brandt,19.0,36973.38
Aa24_994757,2024-01-29,Friedrich,50.0,19162.08
Aa24_136376,2024-04-09,Ackermann,1.0,799332.72
Aa24_460590,2024-11-12,Schröder,33.0,66181.69
Aa24_815357,2024-10-01,Schröder,59.0,285982.92
Aa24_388637,2024-01-11,Fischer,10.0,175901.04
Aa24_207396,2024-02-19,Ludwig,50.0,435552.14
Aa24_676586,2024-01-05,Lehmann,8.0,241752.28
Aa24_368389,2024-11-01,Franz,63.0,195410.95
Aa24_208687,2024-06-25,Werner,49.0,664682.06
Aa24_949513,2024-10-07,Brandt,58.0,436266.62
Aa24_124288,2024-08-02,Nowak,49.0,352630.77
Aa24_253916,2024-02-20,Lehmann,65.0,353079.07
Aa24_900300,2024-03-24,John,14.0,44274.17
Aa24_920018,2024-09-12,König,2.0,447859.99
Aa24_624922,2024-05-30,Ritter,33.0,15861.49
Aa24_850720,2024-10-20,Keller,44.0,508443.87
Aa24_676933,2024-08-02,Heinrich,61.0,9886.93
Aa24_503530,2024-03-20,Seifert,43.0,14466.86
Aa24_684598,2024-02-26,Kaiser,14.0,101038.94
Aa24_729450,2024-08-24,Neumann,10.0,88824.86
Aa24_630359,2024-09-14,Richter,33.0,215909.97
Aa24_900655,2024-05-29,König,7.0,192926.63
Aa24_914589,2024-07-11,Vogel,12.0,90393.54
Aa24_733479,2024-05-29,,37.0,912440.33
Aa24_913485,2024-09-28,Schulte,2.0,41530.78
Aa24_456700,2024-05-13,Kurz,26.0,13059.23
Aa24_172892,2024-10-20,Kaiser,31.0,1386.84
Aa24_438357,2024-11-22,Michel,8.0,4291.69
Aa24_621645,2024-01-04,Kraft,24.0,140412.45
Aa24_923768,2024-01-14,,50.0,36888.82
Aa24_309262,2024-06-08,,16.0,272796.87
Aa24_125296,2024-05-28,Kraft,21.0,114938.79
Aa24_855613,2024-09-28,,49.0,579871.37
Aa24_990076,2024-06-16,Ludwig,51.0,136929.83
Aa24_645976,2024-11-21,Lang,41.0,687004.2
Aa24_400994,2024-08-31,Engel,17.0,161414.88
Aa24_827052,2024-03-21,Hofmann,31.0,69029.36
Aa24_900000,2024-07-25,Hofmann,30.0,126847.05
Aa24_739661,2024-09-03,Berger,29.0,71409.36
Aa24_258050,2024-08-05,Albrecht,3.0,337534.16
Aa24_520094,2024-03-17,Graf,55.0,60499.96
Aa24_651478,2024-03-22,Schmitt,27.0,221608.47
Aa24_625110,2024-10-27,Meier,56.0,122477.49
Aa24_324475,2024-10-02,Zimmermann,10.0,311552.51
Aa24_409585,2024-07-14,,50.0,688797.89
Aa24_813883,2024-05-26,Köhler,62.0,24124.11
Aa24_618881,2024-05-08,,61.0,390653.64
Aa24_477752,2024-04-20,Schmidt,5.0,331526.58
Aa24_894134,2024-02-23,Schmidt,2.0,245347.07
Aa24_377342,2024-01-08,Zimmermann,51.0,82665.88
Aa24_447790,2024-08-03,Brandt,50.0,610044.49
Aa24_370850,2024-06-21,Hoffmann,52.0,56847.06
Aa24_719759,2023-12-30,Meyer,48.0,606881.32
Aa24_207621,2024-06-17,Schwarz,27.0,143796.52
Aa24_988840,2024-11-07,Haas,54.0,401443.97
Aa24_445086,2024-08-24,Kuhn,33.0,236594.08
Aa24_263424,2024-02-11,Kern,63.0,124676.39
Aa24_868439,2024-04-13,,27.0,661729.91
Aa24_941321,2024-02-07,Beer,33.0,182966.6
Aa24_732205,2024-02-21,,3.0,99519.51
Aa24_611589,2024-09-27,Braun,52.0,149146.26
Aa24_230761,2024-06-03,Mayer,33.0,226228.62
Aa24_752121,2024-10-22,,2.0,23063.3
Aa24_470861,2024-02-15,,51.0,232011.3
Aa24_688055,2024-11-25,Schulte,51.0,154193.4
Aa24_604842,2024-04-28,Franke,11.0,3519.15
Aa24_350383,2024-10-19,,1.0,568047.52
Aa24_280665,2024-04-18,Kraus,12.0,3348.68
Aa24_265694,2024-02-05,Vogel,34.0,15627.6
Aa24_481620,2024-09-03,Kunz,45.0,368062.46
Aa24_519779,2024-09-16,,1.0,1038.5
Aa24_695014,2024-05-17,,7.0,11806.6
Aa24_469295,2024-12-18,Heinrich,50.0,524375.84
Aa24_718814,2024-08-24,,24.0,35516.57
Aa24_157119,2024-01-21,John,39.0,26356.94
Aa24_703934,2024-09-05,Bernhardt,11.0,238585.06
Aa24_242163,2024-09-05,Kurz,58.0,65186.76
Aa24_847086,2024-06-05,Engel,19.0,794298.91
Aa24_153855,2024-06-09,Küster,1.0,152933.9
Aa24_992792,2024-03-21,Busch,17.0,462665.04
Aa24_862355,2024-12-02,,59.0,222978.24
Aa24_596763,2024-11-04,Lehmann,25.0,6048.3
Aa24_276761,2024-03-30,Lehmann,14.0,48226.92
Aa24_412178,2024-05-22,Voß,17.0,39644.76
Aa24_908515,2024-12-08,Seifert,29.0,270571.8
Aa24_401150,2024-04-11,Jäger,11.0,265630.64
Aa24_188867,2024-12-01,Beer,12.0,723581.25
Aa24_505938,2024-04-23,Kurz,45.0,20411.17
Aa24_340667,2024-02-08,Winter,8.0,122140.84
Aa24_550044,2024-04-01,Haas,9.0,305196.8
Aa24_649815,2024-07-05,,38.0,167502.91
Aa24_410866,2024-02-12,Kuhn,55.0,194984.46
Aa24_982190,2024-12-02,Jäger,18.0,125033.43
Aa24_788775,2024-12-16,Meyer,42.0,6266.4
Aa24_721577,2024-02-02,Schulte,34.0,32456.67
Aa24_509508,2024-09-15,Kühn,45.0,189814.25
Aa24_842988,2024-06-02,Winter,53.0,406807.09
Aa24_582796,2024-06-02,Hofmann,22.0,260969.77
Aa24_655741,2024-11-07,Baumann,21.0,152717.61
Aa24_342699,2024-09-06,,34.0,293750.0
Aa24_590421,2024-05-16,,15.0,307196.7
Aa24_620047,2024-02-25,,23.0,328561.17
Aa24_153618,2024-07-12,Graf,52.0,523500.61
Aa24_794451,2024-08-27,,21.0,387589.79
Aa24_649847,2024-02-22,Engel,23.0,456774.23
Aa24_264251,2024-05-01,Jung,52.0,366561.72
Aa24_557004,2024-01-22,,30.0,105490.82
Aa24_201567,2024-06-30,Schmitt,24.0,349823.78
Aa24_788393,2024-02-01,Walter,32.0,1238.37
Aa24_797815,2024-05-28,,10.0,779303.43
Aa24_132541,2024-04-24,Klein,13.0,37639.94
Aa24_334259,2024-12-16,Schulz,45.0,341952.6
Aa24_233339,2024-02-27,Böttcher,41.0,6346.24
Aa24_636361,2024-11-10,Kaiser,61.0,191092.69
Aa24_798420,2024-10-05,Werner,65.0,448432.73
Aa24_849581,2024-06-14,,57.0,495337.34
Aa24_778072,2024-10-22,,17.0,518514.02
Aa24_368438,2024-03-02,Friedrich,15.0,200769.47
Aa24_104338,2024-05-01,Dietrich,57.0,120609.71
Aa24_730718,2024-04-19,Peters,15.0,300237.89
Aa24_677879,2024-05-31,Simon,40.0,98970.93
Aa24_901767,2024-09-07,Seidel,50.0,334233.05
Aa24_267373,2024-08-28,König,10.0,467451.99
Aa24_161695,2024-04-27,Wolf,52.0,186437.81
Aa24_806615,2024-06-20,Fischer,17.0,276804.5
Aa24_422935,2024-03-26,,14.0,330931.56
Aa24_143506,2024-08-25,Hofmann,48.0,403477.14
Aa24_275255,2024-11-21,Arnold,61.0,752147.5
Aa24_816570,2024-02-15,Schulze,39.0,480827.15
Aa24_846791,2024-11-12,Baumann,6.0,281479.25
Aa24_790663,2024-04-05,Kraus,61.0,320178.6
Aa24_241845,2024-10-16,Pohl,17.0,267105.57
Aa24_787169,2024-06-10,,6.0,9045.55
Aa24_359192,2024-02-04,Zimmermann,62.0,734479.9
Aa24_809005,2024-07-11,,65.0,553874.52
Aa24_827245,2024-12-13,Richter,58.0,191129.46
Aa24_640009,2024-12-21,Körner,55.0,389224.1
Aa24_879115,2024-10-08,Franz,56.0,687050.27
Aa24_432767,2024-12-22,Meier,63.0,386897.97
Aa24_640501,2024-09-10,Meyer,1.0,55033.34
Aa24_285775,2024-10-05,Franz,46.0,69420.64
Aa24_737687,2024-01-08,Hofmann,56.0,81451.86
Aa24_672387,2024-07-01,Kern,48.0,367713.05
Aa24_729166,2024-05-15,Ritter,22.0,524900.84
Aa24_940935,2024-08-20,Ott,17.0,42169.17
Aa24_690841,2024-02-09,Kuhn,51.0,434041.24
Aa24_751899,2024-03-28,Lehmann,16.0,59056.18
Aa24_624602,2023-12-15,Schneider,34.0,277641.28
Aa24_989277,2024-01-12,Böhm,59.0,134225.26
Aa24_975842,2024-08-29,,56.0,120216.62
Aa24_412101,2024-07-25,Dietrich,26.0,161684.56
Aa24_605864,2024-06-11,Heinrich,55.0,499703.61
Aa24_188130,2024-04-23,Küster,54.0,534999.39
Aa24_547955,2024-03-19,Ott,2.0,136480.74
Aa24_318018,2024-06-28,Jung,59.0,800005.03
Aa24_853156,2024-05-01,Lehmann,24.0,466842.95
Aa24_230353,2024-08-10,Kaiser,65.0,140387.19
Aa24_444151,2024-01-16,,36.0,37066.29
Aa24_128217,2024-07-13,Friedrich,15.0,89726.67
Aa24_118803,2024-06-21,Baumann,7.0,45241.48
Aa24_801037,2024-10-07,,26.0,173092.48
Aa24_287174,2024-03-01,Becker,40.0,172137.24
Aa24_213309,2024-09-20,Becker,24.0,460656.79
Aa24_884324,2024-11-09,,48.0,434798.83
Aa24_796939,2024-09-20,Barth,55.0,316698.24
Aa24_830360,2024-09-23,,43.0,98552.62
Aa24_741981,2024-10-01,Heinrich,63.0,23040.86
Aa24_996610,2024-04-22,,21.0,227976.99
Aa24_355313,2024-02-21,Schulte,51.0,117803.31
Aa24_279656,2024-09-21,Simon,11.0,22882.42
Aa24_714334,2024-01-16,Schmitz,61.0,5856.84
Aa24_705772,2024-08-21,Haas,7.0,129208.34
Aa24_564453,2024-05-22,Bauer,31.0,892473.13
Aa24_441570,2024-10-22,Kaiser,2.0,17149.74
Aa24_659960,2024-02-01,Friedrich,25.0,74757.32
Aa24_376343,2024-07-29,Baumann,62.0,86427.15
Aa24_821713,2024-10-09,Böttcher,56.0,105578.22
Aa24_917052,2024-02-21,Franke,50.0,436669.25
Aa24_710468,2024-09-23,Arnold,15.0,754917.07
Aa24_269556,2024-11-16,,28.0,235970.28
Aa24_526359,2024-12-29,Braun,8.0,272496.59
Aa24_568896,2024-04-21,Kern,7.0,63740.5
Aa24_584960,2024-06-02,Jäger,41.0,922104.24
Aa24_487188,2024-08-22,Weber,8.0,32742.9
Aa24_346270,2024-02-15,Winter,39.0,372809.73
Aa24_819892,2024-06-06,,17.0,24701.46
Aa24_167322,2024-11-20,Schmidt,17.0,705708.72
Aa24_844049,2024-11-22,Peters,63.0,26814.48
Aa24_866385,2024-09-29,Seifert,40.0,202093.62
Aa24_952384,2024-08-04,Böhm,51.0,747944.02
Aa24_718314,2024-08-22,Schmidt,23.0,264921.64
Aa24_219124,2024-02-16,Werner,4.0,62420.67
Aa24_451639,2024-06-25,Schulze,51.0,32429.45
Aa24_946139,2024-11-27,Böttcher,3.0,411592.44
Aa24_103303,2024-01-15,Maier,25.0,207425.0
Aa24_921672,2024-01-16,Busch,21.0,119542.25
Aa24_474806,2024-07-07,Wagner,60.0,3344.58
Aa24_453970,2024-03-05,Ritter,60.0,366956.81
Aa24_371670,2024-08-07,Schneider,56.0,128451.45
Aa24_288013,2024-05-09,Lang,55.0,33197.94
Aa24_142438,2024-02-15,Urban,7.0,113459.32
Aa24_643718,2024-01-13,Müller,38.0,18265.23
Aa24_304146,2024-03-31,Baumann,29.0,525609.7
Aa24_380026,2024-03-12,Jäger,52.0,80933.02
Aa24_614411,2024-04-09,Voß,51.0,13858.35
Aa24_893090,2024-02-25,Albrecht,39.0,278276.44
Aa24_311597,2024-11-06,Huber,47.0,85471.55
Aa24_501949,2024-11-13,,31.0,128611.83
Aa24_702618,2024-01-28,Böttcher,44.0,178899.0
Aa24_224606,2024-08-01,Michel,41.0,28721.86
Aa24_461820,2024-01-16,Jung,12.0,332191.37
Aa24_117712,2024-07-15,Seifert,30.0,260891.49
Aa24_896992,2024-11-25,Arnold,49.0,526112.95
Aa24_373921,2024-08-04,Richter,42.0,46382.14
Aa24_961654,2024-09-29,Kunz,58.0,354742.63
Aa24_858207,2024-12-21,,51.0,606384.9
Aa24_921755,2024-06-02,Brandt,12.0,250721.16
Aa24_857205,2024-03-17,Küster,20.0,297056.99
Aa24_121015,2024-02-03,Kaiser,60.0,241123.58
Aa24_146272,2024-10-15,Kraft,50.0,305071.45
Aa24_695493,2024-08-24,Franke,53.0,113973.95
Aa24_284529,2024-03-12,Schneider,44.0,118987.23
Aa24_238027,2024-04-05,,42.0,174639.36
Aa24_985029,2024-05-09,,44.0,63115.2
Aa24_942252,2024-03-06,,15.0,46027.58
Aa24_147718,2024-05-09,Hofmann,8.0,190888.46
Aa24_151036,2024-12-14,Jung,19.0,284946.8
Aa24_715734,2024-08-04,Kunz,34.0,305871.53
Aa24_299354,2024-04-27,,2.0,80762.04
Aa24_342547,2024-12-26,,44.0,58200.38
Aa24_926055,2024-04-30,Simon,14.0,189549.52
Aa24_292128,2024-09-18,Seifert,16.0,134931.22
Aa24_655713,2024-11-24,Berger,20.0,782066.8
Aa24_886827,2024-06-05,Körner,2.0,199104.42
Aa24_112756,2024-09-03,Winter,22.0,45687.63
Aa24_207460,2024-02-09,Köhler,14.0,10767.0
Aa24_257953,2024-06-16,John,57.0,579253.97
Aa24_744933,2024-04-29,Köhler,17.0,389068.06
Aa24_309212,2024-11-27,Schmitt,46.0,215561.07
Aa24_178913,2024-01-04,Graf,47.0,268367.5
Aa24_312211,2024-05-21,Urban,17.0,769596.88
Aa24_776951,2024-12-17,Simon,34.0,223968.25
Aa24_801003,2024-08-03,,9.0,68379.66
Aa24_602499,2024-01-26,Schmitz,43.0,66349.49
Aa24_847948,2024-08-13,Berger,36.0,203321.36
Aa24_263805,2024-07-15,Winter,38.0,287442.18
Aa24_987341,2024-05-10,Michel,62.0,131913.26
Aa24_820083,2024-08-20,Berger,4.0,28609.08
Aa24_950799,2024-04-24,Friedrich,16.0,759416.83
Aa24_382291,2024-06-25,Kraft,57.0,94401.43
Aa24_943257,2024-10-28,Köhler,55.0,22705.75
Aa24_723981,2024-12-24,Böhm,32.0,298387.19
Aa24_770663,2024-07-15,Busch,55.0,166037.53
Aa24_830930,2024-03-16,Pohl,32.0,373532.75
Aa24_681371,2024-03-04,Lorenz,53.0,91072.8
Aa24_158641,2024-06-26,,36.0,362799.65
Aa24_115431,2024-06-14,Schmid,54.0,483370.99
Aa24_782812,2024-03-03,Hermann,58.0,781130.3
Aa24_126855,2024-05-26,,16.0,55184.07
Aa24_550689,2024-01-09,Klein,21.0,578903.62
Aa24_969163,2024-08-08,Lorenz,24.0,31081.95
Aa24_153142,2024-07-22,,17.0,512530.82
Aa24_186643,2024-05-10,Reinhardt,13.0,55427.68
Aa24_327263,2024-08-23,,16.0,639729.54
Aa24_111685,2024-04-24,Becker,37.0,37770.1
Aa24_283092,2024-09-29,Seidel,65.0,43064.31
Aa24_112124,2024-09-23,Schmitt,25.0,452027.7
Aa24_868243,2024-04-16,Kaiser,60.0,293081.22
Aa24_552618,2024-06-23,,35.0,182176.9
Aa24_875040,2024-08-11,,44.0,673635.2
Aa24_795029,2024-02-11,Vogel,20.0,112067.69
Aa24_608060,2024-01-10,Kurz,37.0,122218.45
Aa24_980997,2024-07-29,Keller,31.0,41064.53
Aa24_259604,2024-06-18,Ludwig,47.0,203254.25
Aa24_330278,2024-03-07,Meyer,49.0,201992.25
Aa24_264908,2024-08-22,Schmitt,34.0,347755.99
Aa24_493594,2024-03-15,Neumann,59.0,764831.54
Aa24_483031,2024-11-12,Bauer,8.0,111838.86
Aa24_139466,2024-06-19,,65.0,49998.45
Aa24_950344,2024-07-31,Meier,58.0,147475.77
Aa24_199589,2024-04-03,Schulz,43.0,410046.0
Aa24_957953,2024-01-17,,65.0,4439.59
Aa24_996903,2024-04-04,Kraus,8.0,256541.48
Aa24_378055,2024-08-21,Krause,47.0,442250.32
Aa24_203332,2024-03-15,Schmidt,55.0,235854.36
Aa24_980109,2024-12-02,Beer,14.0,109451.25
Aa24_624563,2024-05-12,,3.0,22082.05
Aa24_926613,2024-07-13,Schwarz,55.0,529588.08
Aa24_995480,2024-10-01,,25.0,885396.41
Aa24_727781,2024-04-16,Schumacher,44.0,13331.64
Aa24_999224,2024-07-09,Kühn,13.0,178265.5
Aa24_983870,2024-06-02,Ackermann,37.0,70148.97
Aa24_244645,2024-07-18,,38.0,261235.99
Aa24_803370,2024-10-16,Pohl,49.0,125079.63
Aa24_974794,2024-06-16,Lorenz,2.0,350973.47
Aa24_506138,2024-12-22,Wolf,6.0,86208.47
Aa24_909907,2024-08-24,Becker,61.0,603352.51
Aa24_546577,2024-09-16,Richter,31.0,46883.86
Aa24_897966,2024-06-08,,24.0,511596.92
Aa24_929197,2024-05-02,Sommer,37.0,51195.89
Aa24_744408,2024-06-01,Schulze,54.0,244683.72
Aa24_909526,2024-05-16,Kern,34.0,73278.68
Aa24_926011,2024-03-13,,33.0,530593.24
Aa24_961360,2024-02-27,Hermann,32.0,288269.58
Aa24_847106,2024-03-30,Bauer,12.0,13620.6
Aa24_547941,2024-01-07,Kuhn,60.0,594706.86
Aa24_588525,2024-11-15,Braun,61.0,290625.79
Aa24_622370,2024-08-22,John,44.0,491398.77
Aa24_674300,2024-04-19,,14.0,98492.55
Aa24_269866,2024-12-16,Schmitt,42.0,241758.44
Aa24_922137,2024-01-07,Meyer,47.0,492913.33
Aa24_564038,2024-11-15,Ott,40.0,62709.5
Aa24_452170,2024-02-24,Schmitz,63.0,52449.88
Aa24_768153,2024-10-02,Wagner,3.0,157617.41
Aa24_342493,2024-03-06,,61.0,443673.53
Aa24_287806,2024-11-16,Reinhardt,64.0,592798.64
Aa24_335521,2024-07-19,Schulte,46.0,256762.24
Aa24_426464,2024-03-25,Brandt,55.0,211594.43
Aa24_346170,2024-11-16,Friedrich,2.0,43502.83
Aa24_926929,2024-09-07,,1.0,169482.21
Aa24_102547,2024-01-23,Wagner,50.0,2703.82
Aa24_709355,2024-01-31,Werner,34.0,84848.15
Aa24_933984,2024-11-29,Körner,38.0,91080.68
Aa24_547539,2024-05-03,Walter,30.0,2810.8
Aa24_859746,2024-10-19,Lorenz,43.0,38652.01
Aa24_950994,2024-04-21,,57.0,625719.96
Aa24_663997,2024-09-30,Fischer,5.0,69534.02
Aa24_498314,2024-04-05,Nowak,16.0,414607.35
Aa24_161706,2024-02-29,,65.0,10558.75
Aa24_237591,2024-05-16,Voß,35.0,152942.01
Aa24_758569,2024-11-29,,33.0,501544.57
Aa24_710044,2024-01-31,König,24.0,620647.63
Aa24_961855,2024-10-16,Köhler,24.0,138744.69
Aa24_655709,2024-06-11,Kern,54.0,36547.19
Aa24_490660,2024-04-11,Neumann,57.0,27056.76
Aa24_209703,2024-08-27,Walter,18.0,111187.37
Aa24_750032,2024-01-12,König,59.0,639201.16
Aa24_842488,2024-10-25,Ludwig,56.0,327435.7
Aa24_130664,2024-04-27,Schulz,3.0,12749.33
Aa24_139358,2024-12-28,John,52.0,81172.63
Aa24_192426,2024-08-03,Wolf,24.0,69263.42
Aa24_400196,2024-08-18,Böttcher,1.0,28957.04
Aa24_504496,2024-09-30,Müller,15.0,73913.12
Aa24_556863,2024-07-29,Lange,64.0,83399.58
Aa24_919519,2024-12-15,Werner,5.0,6748.44
Aa24_897084,2024-04-23,Michel,44.0,25964.47
Aa24_882059,2024-09-17,Richter,47.0,344680.39
Aa24_982722,2024-10-25,Schmitz,54.0,343653.54
Aa24_197940,2024-01-12,Albrecht,12.0,880075.3
Aa24_494823,2024-04-27,Krause,48.0,54419.08
Aa24_542966,2024-05-10,Michel,24.0,294620.34
Aa24_737796,2024-09-19,Brandt,33.0,91529.43
Aa24_241859,2024-05-17,Braun,19.0,63640.25
Aa24_954414,2024-01-29,,48.0,619718.4
Aa24_255064,2024-04-21,Fischer,52.0,639363.11
Aa24_809670,2024-01-06,,18.0,415496.69
Aa24_876013,2024-07-28,Michel,1.0,53935.99
Aa24_689556,2024-06-26,Nowak,56.0,300931.81
Aa24_927208,2024-12-03,Lange,58.0,688368.84
Aa24_681394,2024-08-17,Barth,40.0,304135.64
Aa24_988745,2024-02-08,Peters,17.0,75554.45
Aa24_816890,2024-01-07,Lorenz,38.0,198900.36
Aa24_221161,2024-10-31,Hoffmann,16.0,60031.16
Aa24_516839,2024-08-08,Neumann,64.0,317366.57
Aa24_859424,2024-12-14,Schmitt,61.0,206958.69
Aa24_763847,2024-12-26,Kaiser,43.0,394848.3
Aa24_289406,2024-10-25,Arnold,6.0,168342.84
Aa24_303201,2024-10-16,Seidel,42.0,38533.29
Aa24_577627,2024-07-23,Voß,62.0,72594.9
Aa24_820962,2024-10-26,Hartmann,17.0,154601.76
Aa24_152435,2024-08-29,Werner,9.0,380987.38
Aa24_955597,2024-05-15,,48.0,505750.04
Aa24_819620,2024-04-25,Neumann,8.0,501578.9
Aa24_823623,2024-02-24,Lang,63.0,514159.94
Aa24_568142,2024-11-08,Dietrich,46.0,320959.39
Aa24_450566,2024-03-29,,30.0,206782.11
Aa24_203092,2024-01-06,Koch,24.0,477018.98
Aa24_990222,2024-03-31,Vogel,5.0,518760.65
Aa24_835240,2024-06-14,Kraus,14.0,36832.27
Aa24_491648,2024-09-21,Ritter,42.0,153243.39
Aa24_962437,2024-08-25,Haas,28.0,369869.83
Aa24_377549,2024-01-14,Schmidt,51.0,663145.76
Aa24_192880,2024-08-20,Peters,15.0,143501.57
Aa24_437849,2024-12-30,Graf,39.0,368813.23
Aa24_659530,2024-11-10,Mayer,64.0,600908.77
Aa24_719460,2024-04-08,Schulze,23.0,43409.95
Aa24_677762,2024-08-04,Schulz,6.0,476540.39
Aa24_615473,2024-06-01,Sommer,41.0,342320.51
Aa24_310681,2024-01-27,Huber,30.0,198674.15
Aa24_636410,2024-10-28,Schneider,33.0,28890.64
Aa24_898502,2024-03-22,Kurz,30.0,379364.13
Aa24_311049,2024-08-12,,5.0,301509.6
Aa24_906497,2024-09-22,,53.0,377876.3
Aa24_499776,2024-12-07,Meyer,18.0,191505.03
Aa24_167778,2024-08-19,Schulze,35.0,155365.64
Aa24_378780,2024-06-17,,47.0,526334.49
Aa24_526818,2024-11-25,,45.0,157852.04
Aa24_442023,2024-04-09,,41.0,333789.97
Aa24_405556,2024-12-30,Wagner,19.0,787823.21
Aa24_907494,2024-10-01,Werner,11.0,93082.09
Aa24_545398,2024-06-26,,21.0,561262.0
Aa24_217048,2024-09-20,Albrecht,60.0,193432.0
Aa24_800210,2024-06-29,Becker,54.0,54374.42
Aa24_464029,2024-02-07,Kuhn,29.0,379146.66
Aa24_218087,2024-12-13,Haas,14.0,6103.42
Aa24_332058,2024-07-18,Krause,54.0,152302.33
Aa24_239270,2024-05-07,Lange,52.0,536604.47
Aa24_683163,2024-02-17,Schmitz,34.0,21060.85
Aa24_696477,2024-11-24,Wolf,23.0,27382.08
Aa24_629211,2023-12-23,Schmitt,21.0,511567.79
Aa24_851134,2024-03-08,Schröder,50.0,30400.16
Aa24_325176,2024-01-08,Schulte,14.0,276533.7
Aa24_509103,2024-04-02,Braun,43.0,622203.12
Aa24_179229,2024-03-19,Schmid,48.0,471411.32
Aa24_359773,2024-03-27,Franz,14.0,125537.03
Aa24_340046,2024-05-27,,28.0,119347.38
Aa24_803633,2024-06-09,Körner,59.0,2840.06
Aa24_372234,2024-03-12,,56.0,421255.35
Aa24_469325,2024-11-19,Neumann,57.0,168980.4
Aa24_376399,2024-06-26,Barth,18.0,324731.59
Aa24_249721,2024-11-27,,22.0,248962.88
Aa24_425565,2024-07-17,Kern,52.0,21825.97
Aa24_891783,2024-11-17,Michel,42.0,16036.91
Aa24_616675,2024-06-21,Brandt,55.0,47121.43
Aa24_600447,2024-11-21,Voß,16.0,483315.17
Aa24_344158,2024-08-19,Hermann,4.0,164938.96
Aa24_602460,2024-11-08,Schmid,60.0,678881.1
Aa24_409317,2024-03-01,Koch,45.0,174425.65
Aa24_621429,2024-12-03,Franke,54.0,64633.43
Aa24_758516,2024-02-04,Müller,46.0,278397.96
Aa24_510613,2024-10-20,Lange,38.0,199302.61
Aa24_315004,2024-01-27,Werner,23.0,506163.0
Aa24_943650,2024-08-15,Hofmann,50.0,460319.98
Aa24_872518,2024-03-01,Beer,30.0,303780.41
Aa24_451429,2024-03-21,Körner,34.0,140636.32
Aa24_640823,2024-09-17,Schmitz,57.0,76830.75
Aa24_698717,2024-11-02,Schmitz,48.0,61366.8
Aa24_379992,2024-04-16,,45.0,9058.44
Aa24_550600,2024-09-05,Haas,58.0,95808.11
Aa24_992008,2024-02-03,Müller,29.0,394762.49
Aa24_718443,2024-08-31,Albrecht,7.0,157585.08
Aa24_695311,2024-11-01,Nowak,51.0,913629.9
Aa24_705390,2024-06-06,Nowak,61.0,38392.79
Aa24_868369,2024-09-13,,36.0,11541.45
Aa24_355917,2024-05-29,Maier,41.0,71808.59
Aa24_471163,2024-03-07,Haas,36.0,23563.28
Aa24_719099,2024-11-10,Zimmermann,54.0,6786.72
Aa24_897475,2024-12-16,,56.0,721537.54
Aa24_752924,2024-12-31,Hofmann,43.0,34793.21
Aa24_198938,2024-02-17,,57.0,415510.2
Aa24_570235,2024-05-19,Pohl,7.0,3011.19
Aa24_117262,2024-10-26,Koch,6.0,110507.83
Aa24_172360,2024-07-23,Albrecht,17.0,257152.02
Aa24_915369,2024-03-01,Hartmann,41.0,24310.11
Aa24_105253,2024-04-09,Simon,28.0,433720.91
Aa24_472883,2024-01-24,,50.0,125907.22
Aa24_677230,2024-07-11,Nowak,6.0,392097.45
Aa24_606550,2023-12-25,Kurz,39.0,150312.23
Aa24_448001,2024-06-11,Klein,57.0,21453.76
Aa24_798659,2024-01-21,Pohl,38.0,426589.01
Aa24_520650,2024-05-18,Böhm,30.0,249172.43
Aa24_820162,2024-03-20,Schmidt,17.0,283783.3
Aa24_314364,2024-05-30,Weber,31.0,310057.48
Aa24_523442,2024-07-02,Meier,64.0,104894.48
Aa24_273580,2024-06-11,Keller,26.0,515538.87
Aa24_840605,2024-02-25,Köhler,20.0,11994.9
Aa24_871246,2024-07-14,Albrecht,2.0,319925.94
Aa24_502921,2024-07-02,,60.0,245061.55
Aa24_180246,2024-05-21,Franke,47.0,288302.18
Aa24_240111,2024-10-30,Schulz,20.0,452698.17
Aa24_283602,2024-08-29,Seifert,51.0,363788.01
Aa24_535476,2024-10-09,Wagner,43.0,192888.99
Aa24_509966,2024-06-06,Schulte,14.0,109033.76
Aa24_209104,2024-07-18,,6.0,79920.15
Aa24_821018,2024-10-28,Barth,29.0,21879.01
Aa24_224128,2024-04-17,,19.0,104000.97
Aa24_324392,2024-09-02,,10.0,727423.07
Aa24_562666,2024-05-01,,22.0,18535.44
Aa24_435280,2024-12-08,Wolf,9.0,23569.81
Aa24_497954,2024-03-17,Kunz,55.0,45968.5
Aa24_825538,2024-08-02,Schulze,30.0,87540.41
Aa24_769882,2024-01-10,Kuhn,4.0,247901.16
Aa24_198954,2024-10-10,Reinhardt,36.0,12647.56
Aa24_892454,2024-06-16,Graf,40.0,5974.04
Aa24_898832,2024-07-27,Haas,12.0,41136.28
Aa24_626079,2024-05-04,,24.0,448423.38
Aa24_310361,2024-12-30,Schmitt,34.0,127185.45
Aa24_547312,2024-11-19,Lorenz,31.0,156220.42
Aa24_910249,2024-09-13,Reinhardt,4.0,54726.4
Aa24_863967,2024-10-25,Dietrich,59.0,646907.82
Aa24_751656,2024-04-28,,59.0,109781.76
Aa24_611780,2024-05-01,Seifert,27.0,187409.08
Aa24_370551,2024-12-05,Dietrich,42.0,218204.91
Aa24_730138,2024-09-15,Kraft,58.0,205368.56
Aa24_493767,2024-09-27,Kuhn,38.0,232467.26
Aa24_294397,2024-08-28,Urban,26.0,565381.67
Aa24_231415,2024-08-06,Maier,21.0,36438.31
Aa24_920568,2024-10-18,Schwarz,24.0,356967.8
Aa24_644918,2024-09-01,Walter,59.0,703.71
Aa24_166914,2024-01-17,Böttcher,38.0,475803.35
Aa24_897530,2024-06-23,,57.0,398940.3
Aa24_721377,2024-01-09,Pohl,22.0,154054.79
Aa24_194510,2024-06-01,Schwarz,40.0,779451.4
Aa24_994096,2024-06-01,Wolf,60.0,104537.84
Aa24_207213,2024-01-24,Franz,53.0,21168.56
Aa24_866275,2024-09-08,Schumacher,12.0,105342.57
Aa24_725828,2024-06-05,Kraft,46.0,279369.27
Aa24_693859,2024-11-06,Schulte,62.0,753389.71
Aa24_443512,2024-01-12,Kunz,34.0,335622.56
Aa24_822529,2024-08-25,Ritter,3.0,213716.65
Aa24_592539,2024-09-14,Fischer,57.0,811079.75
Aa24_295024,2024-09-28,Schmidt,65.0,3476.18
Aa24_685956,2024-06-01,Reinhardt,38.0,233376.91
Aa24_326250,2024-05-17,Krause,3.0,532623.45
Aa24_790620,2024-12-09,Heinrich,58.0,66576.93
Aa24_548771,2024-11-27,Beer,18.0,73422.72
Aa24_470825,2024-12-21,Ackermann,59.0,368389.94
Aa24_427321,2024-07-28,Barth,2.0,299775.63
Aa24_899322,2024-08-02,,32.0,57227.99
Aa24_699355,2024-09-26,Kunz,10.0,148915.76
Aa24_651820,2024-10-22,,21.0,308371.61
Aa24_866083,2024-04-18,Koch,17.0,450855.7
Aa24_828466,2024-08-11,Nowak,2.0,627484.22
Aa24_657741,2024-03-09,Nowak,30.0,391128.8
Aa24_227746,2024-04-09,Lange,32.0,200927.92
Aa24_583654,2024-09-03,Braun,62.0,23760.93
Aa24_355634,2024-05-05,Michel,21.0,93889.38
Aa24_811024,2024-08-24,Franke,60.0,189605.03
Aa24_104213,2024-01-14,,21.0,288636.61
Aa24_130803,2023-12-19,,15.0,794473.85
Aa24_495365,2024-11-16,Schulz,25.0,234489.41
Aa24_587968,2024-04-07,Brandt,18.0,141054.35
Aa24_786172,2024-10-01,Hermann,28.0,745945.07
Aa24_492122,2024-01-28,Hermann,3.0,93841.59
Aa24_254508,2024-12-23,,27.0,233425.46
Aa24_404197,2024-12-07,Graf,38.0,357558.55
Aa24_239872,2024-01-04,,11.0,187152.97
Aa24_390557,2024-09-17,Hermann,59.0,136653.3
Aa24_260659,2024-06-19,Weber,8.0,337144.84
Aa24_441154,2024-06-08,Baumann,59.0,54607.58
Aa24_415013,2024-08-15,Simon,16.0,63304.17
Aa24_459628,2024-08-26,Schulte,58.0,5164.99
Aa24_264970,2024-05-26,John,55.0,752215.53
Aa24_621914,2024-10-04,Vogel,8.0,602610.87
Aa24_613807,2024-10-06,Schneider,7.0,442104.48
Aa24_880665,2024-01-31,Kaiser,4.0,723235.69
Aa24_871103,2024-03-16,Voigt,9.0,322489.68
Aa24_314654,2024-05-20,Dietrich,60.0,572166.42
Aa24_387077,2024-03-11,,10.0,608569.19
Aa24_127614,2024-05-17,Bauer,8.0,335928.17
Aa24_353357,2024-04-19,Körner,65.0,566268.87
Aa24_648119,2024-02-18,Seifert,13.0,202418.83
Aa24_602573,2024-01-11,Lang,34.0,7380.61
Aa24_138211,2024-08-12,,57.0,16160.63
Aa24_656879,2024-12-27,,34.0,12756.12
Aa24_179395,2024-07-16,Schneider,52.0,121803.25
Aa24_902462,2024-12-01,Krüger,65.0,460880.0
Aa24_763878,2024-12-25,,43.0,135226.17
Aa24_139976,2024-08-08,Maier,48.0,5575.5
Aa24_771079,2024-02-27,Franz,55.0,295273.25
Aa24_484227,2024-03-31,Busch,16.0,155590.62
Aa24_502456,2024-08-25,,60.0,85791.21
Aa24_250454,2024-01-23,Schmitz,42.0,10616.61
Aa24_851021,2024-04-25,Haas,17.0,512206.65
Aa24_162969,2024-07-29,,31.0,94688.07
Aa24_590551,2024-09-20,Bauer,21.0,820216.85
Aa24_405142,2024-05-26,Michel,19.0,11714.4
Aa24_596636,2024-06-27,Pohl,46.0,26714.07
Aa24_736815,2024-10-14,Keller,10.0,84894.72
Aa24_160401,2024-04-09,,8.0,66948.38
Aa24_498185,2024-10-30,,59.0,224956.03
Aa24_782346,2024-05-15,Schmidt,27.0,662874.36
Aa24_813169,2024-08-20,Arnold,29.0,566581.44
Aa24_372568,2024-07-23,Schmitt,49.0,271328.14
Aa24_177945,2024-03-04,Lang,10.0,53745.04
Aa24_605164,2024-01-12,Heinrich,60.0,65110.77
Aa24_917288,2024-06-29,Arnold,36.0,397526.35
Aa24_681050,2024-05-24,Kuhn,29.0,581357.22
Aa24_629118,2024-12-28,,20.0,370213.36
Aa24_579261,2024-09-16,Hermann,14.0,188560.84
Aa24_198610,2024-12-07,Vogel,57.0,61663.97
Aa24_156339,2024-05-13,Vogel,4.0,791150.14
Aa24_123433,2024-01-20,,40.0,63333.25
Aa24_938113,2024-08-25,Schulze,34.0,798983.22
Aa24_530346,2024-09-17,Kraft,63.0,767229.28
Aa24_285349,2024-07-29,Engel,54.0,128733.84
Aa24_790369,2024-02-27,,21.0,135709.37
Aa24_560667,2024-06-27,Köhler,17.0,21797.38
Aa24_924575,2024-10-18,Beer,52.0,236273.5
Aa24_823573,2024-07-13,Becker,45.0,45893.11
Aa24_379851,2024-01-02,Friedrich,44.0,300029.65
Aa24_728436,2024-03-20,Walter,63.0,705246.88
Aa24_356114,2024-10-18,Becker,29.0,75649.27
Aa24_331738,2024-03-18,,40.0,2907.99
Aa24_902848,2024-11-27,Albrecht,41.0,102881.47
Aa24_444368,2024-08-23,Schmidt,55.0,97915.77
Aa24_517642,2024-11-29,Berger,31.0,5150.61
Aa24_981259,2024-12-08,Becker,55.0,71379.15
Aa24_780045,2024-02-16,Mayer,35.0,53679.47
Aa24_274625,2024-02-05,Lange,60.0,516989.76
Aa24_612660,2024-01-04,Köhler,41.0,96344.82
Aa24_625089,2024-12-13,Kaiser,54.0,15359.98
Aa24_125941,2024-11-02,Friedrich,39.0,144796.63
Aa24_473950,2024-07-25,Ritter,15.0,608617.87
Aa24_701157,2024-08-31,Mayer,8.0,62382.1
Aa24_322202,2024-01-31,Lang,1.0,209723.29
Aa24_924409,2024-01-15,Schwarz,3.0,205561.6
Aa24_970890,2024-05-20,Hermann,18.0,95867.16
Aa24_772087,2024-07-29,Engel,11.0,582595.5
Aa24_647891,2024-05-09,Krause,51.0,368102.12
Aa24_193934,2024-03-23,Koch,29.0,4942.73
Aa24_261403,2024-07-27,Albrecht,3.0,961652.79
Aa24_303354,2024-02-14,Albrecht,14.0,284793.34
Aa24_452954,2024-01-17,Kaiser,39.0,287321.76
Aa24_872374,2024-08-15,,57.0,569533.56
Aa24_943978,2024-05-23,Schumacher,19.0,388980.9
Aa24_493255,2024-06-22,Bauer,2.0,310660.41
Aa24_599599,2024-10-23,Maier,20.0,262076.88
Aa24_773948,2024-11-14,Barth,9.0,307553.46
Aa24_760820,2024-05-05,Baumann,31.0,47926.98
Aa24_414707,2024-11-16,Fischer,61.0,176141.45
Aa24_630321,2024-05-27,Simon,10.0,8301.41
Aa24_673132,2024-04-05,Simon,31.0,9333.07
Aa24_883297,2024-11-27,Schmitz,35.0,52521.75
Aa24_326354,2024-08-27,Lang,63.0,471381.66
Aa24_219099,2024-12-04,Neumann,39.0,124286.16
Aa24_190795,2024-02-12,Friedrich,13.0,326976.69
Aa24_431350,2024-01-15,Schmitz,31.0,82911.31
Aa24_964924,2024-08-16,Krüger,1.0,13202.0
Aa24_494970,2024-11-26,Müller,53.0,12857.74
Aa24_337352,2024-01-26,Hermann,15.0,130100.52
Aa24_527508,2024-04-29,Kaiser,58.0,415732.2
Aa24_445697,2024-02-04,,45.0,228175.78
Aa24_580466,2024-01-27,,40.0,535424.14
Aa24_279452,2024-03-15,,41.0,472089.01
Aa24_767104,2024-07-28,Neumann,6.0,34482.34
Aa24_380314,2024-05-27,Fischer,48.0,39610.31
Aa24_168926,2024-07-13,,61.0,98123.11
Aa24_672488,2024-12-08,Voß,39.0,581457.8
Aa24_344858,2024-02-15,Wolf,31.0,463430.24
Aa24_110880,2024-02-03,Klein,41.0,25759.73
Aa24_564790,2024-02-14,Hermann,30.0,327892.78
Aa24_786756,2024-10-10,,33.0,251257.05
Aa24_159886,2024-07-05,Mayer,34.0,5393.79
Aa24_137682,2024-02-25,Baumann,40.0,203658.3
Aa24_899867,2024-05-09,Ludwig,2.0,81439.37
Aa24_823298,2024-08-06,,64.0,41755.19
Aa24_116782,2024-12-16,Schmidt,46.0,332777.75
Aa24_651696,2024-08-08,,47.0,610999.09
Aa24_685966,2024-12-03,Mayer,21.0,24474.7
Aa24_721995,2024-07-28,Ott,58.0,221298.6
Aa24_385896,2024-09-01,Weber,15.0,354068.75
Aa24_620336,2024-06-18,,22.0,119078.1
Aa24_894620,2024-06-22,Meyer,21.0,500185.01
Aa24_263607,2024-11-13,,30.0,280537.93
Aa24_997951,2024-03-01,,22.0,504290.87
Aa24_791626,2024-12-30,Kühn,46.0,248554.43
Aa24_182011,2024-06-15,Graf,27.0,112315.14
Aa24_981676,2024-07-18,Keller,47.0,56537.25
Aa24_889200,2024-08-26,Weber,21.0,162967.26
Aa24_507878,2024-12-19,Lorenz,9.0,223957.78
Aa24_714386,2024-02-23,Voigt,56.0,1223.45
Aa24_191762,2024-08-13,,62.6,329356.04
Aa24_201440,2024-01-12,Vogel,31.0,611892.4
Aa24_192295,2024-01-19,Schmidt,51.0,491225.96
Aa24_448680,2024-07-29,Hoffmann,28.0,733014.12
Aa24_934379,2024-12-13,Schmitt,6.0,504044.24
Aa24_676636,2024-01-17,Jung,50.0,83925.57
Aa24_895652,2024-04-02,John,41.0,67996.93
Aa24_203400,2024-10-19,Lehmann,46.0,522578.36
Aa24_434309,2024-06-24,,61.0,42008.31
Aa24_963261,2024-08-15,Schmitt,58.0,128188.55
Aa24_483889,2024-09-10,Heinrich,51.0,379733.38
Aa24_828306,2024-08-05,Meyer,12.0,583236.44
Aa24_711515,2024-11-18,Peters,24.0,466931.83
Aa24_794592,2024-06-27,Lang,64.0,279248.13
Aa24_425223,2024-06-09,Kühn,18.0,363545.44
Aa24_184644,2024-10-18,,1.0,551202.79
Aa24_632433,2024-05-17,Albrecht,15.0,185390.47
Aa24_349074,2024-11-27,Richter,55.0,13652.88
Aa24_137795,2024-03-29,Wagner,29.0,276801.53
Aa24_104974,2024-07-16,Böttcher,23.0,558873.18
Aa24_486277,2023-12-26,Neumann,36.0,600363.2
Aa24_635690,2024-08-27,Krause,49.0,245049.31
Aa24_805806,2024-07-27,Koch,47.0,53724.88
Aa24_844304,2024-02-17,Franz,25.0,37456.36
Aa24_756160,2024-12-05,Koch,6.0,3297.84
Aa24_950379,2024-08-03,Hartmann,33.0,184817.99
Aa24_587571,2024-03-30,Schulz,27.0,435757.68
Aa24_886953,2024-12-26,Engel,60.0,148586.58
Aa24_549565,2024-08-10,Albrecht,28.0,429128.08
Aa24_750143,2024-02-29,Werner,30.0,185877.42
Aa24_118181,2024-04-11,Fischer,29.0,380395.51
Aa24_391001,2024-05-01,Sommer,59.0,359197.44
Aa24_186678,2024-04-13,Kühn,54.0,3099.3
Aa24_809167,2024-12-28,Baumann,2.0,216157.83
Aa24_193656,2024-06-03,Jung,60.0,678567.53
Aa24_247053,2024-06-16,John,34.0,39361.23
Aa24_424093,2024-03-20,Dietrich,40.0,338.31
Aa24_645510,2024-12-06,,18.0,471471.7
Aa24_626438,2024-04-02,Schulte,9.0,55640.96
Aa24_193184,2024-08-23,Kraft,50.0,55493.89
Aa24_727713,2024-03-12,,53.0,157168.17
Aa24_926393,2024-12-10,Engel,60.0,246322.69
Aa24_298190,2024-02-24,Krüger,38.0,69165.36
Aa24_596309,2024-04-22,Franke,19.0,647134.07
Aa24_811329,2024-12-30,Schmitt,17.0,331872.42
Aa24_837368,2024-09-18,Köhler,52.0,452636.18
Aa24_364275,2024-11-18,,46.0,283965.21
Aa24_192931,2024-05-02,Lange,56.0,359394.83
Aa24_389521,2024-01-24,Sommer,34.0,41575.43
Aa24_853326,2024-12-14,Schröder,17.0,85952.55
Aa24_459034,2024-01-24,,25.0,246856.95
Aa24_280987,2024-03-10,Küster,4.0,89921.68
Aa24_905675,2024-02-04,Voigt,59.0,504787.28
Aa24_965906,2024-06-19,Küster,45.0,4192.32
Aa24_108934,2024-04-28,Kraus,24.0,237225.94
Aa24_297259,2024-08-04,Brandt,54.0,11283.17
Aa24_333542,2024-05-10,Schmid,56.0,25638.6
Aa24_265380,2024-04-18,Krause,33.0,361751.64
Aa24_264039,2024-04-04,Winter,27.0,83162.08
Aa24_987114,2024-03-21,Barth,59.0,110856.26
Aa24_132733,2024-02-01,Schmitz,52.0,89476.41
Aa24_586416,2024-08-24,Neumann,5.0,25169.64
Aa24_887310,2024-02-18,Müller,6.0,9563.2
Aa24_442419,2024-09-10,,11.0,227759.18
Aa24_818166,2024-10-11,König,20.0,340372.33
Aa24_104458,2024-05-21,Ritter,49.0,72723.97
Aa24_255545,2024-01-01,Becker,29.0,77856.46
Aa24_812538,2024-12-06,Hoffmann,63.0,302894.04
Aa24_931180,2024-12-20,Seidel,31.0,20284.53
Aa24_116121,2024-04-07,Franke,64.0,38256.68
Aa24_800108,2024-03-18,Kern,11.0,283286.88
Aa24_955350,2024-12-04,Richter,51.0,189002.97
Aa24_746389,2024-08-24,Ott,59.0,128331.68
Aa24_119706,2024-01-09,Lang,24.0,124392.57
Aa24_145909,2024-04-04,Jung,63.0,352510.34
Aa24_432550,2024-07-14,Barth,10.0,20102.84
Aa24_257313,2024-04-24,Walter,32.0,30177.32
Aa24_156305,2024-02-28,Ott,35.0,267658.38
Aa24_634821,2024-10-28,Friedrich,12.0,378549.31
Aa24_592181,2024-09-01,Klein,50.0,462814.36
Aa24_314447,2024-07-28,Meier,23.0,14313.64
Aa24_625404,2024-03-06,Kurz,6.0,128480.1
Aa24_211660,2024-03-10,Arnold,6.0,178921.83
Aa24_689030,2024-11-01,Maier,27.0,715772.4
Aa24_361387,2024-06-23,Simon,40.0,174236.65
Aa24_510181,2024-04-30,,7.0,284488.48
Aa24_561540,2024-07-18,Keller,32.0,224557.58
Aa24_414571,2024-03-17,Mayer,16.0,214695.74
Aa24_737090,2024-08-10,,48.0,130684.56
Aa24_903814,2024-07-24,Ludwig,61.0,386391.72
Aa24_300927,2024-05-22,Jung,34.0,24991.72
Aa24_946761,2024-07-13,Hofmann,7.0,896.18
Aa24_765688,2024-07-02,Jäger,25.0,17270.41
Aa24_249189,2024-06-19,Meier,1.0,313291.77
Aa24_766513,2024-03-05,Friedrich,63.0,327686.34
Aa24_307081,2024-09-26,,26.0,31774.91
Aa24_771994,2024-09-28,John,22.0,43636.53
Aa24_563522,2024-09-01,Hermann,11.0,295546.37
Aa24_643724,2024-05-28,Zimmermann,41.0,56365.35
Aa24_986974,2023-12-29,,48.0,215810.97
Aa24_369107,2024-09-29,Reinhardt,47.0,470827.74
Aa24_488366,2024-10-21,Kühn,42.0,215980.95
Aa24_664811,2024-01-24,,4.0,341041.89
Aa24_491581,2024-06-28,,36.0,124714.37
Aa24_515411,2024-03-12,Brandt,63.0,17349.01
Aa24_528621,2024-01-16,,53.0,59762.36
Aa24_618015,2024-07-25,,50.0,223144.76
Aa24_461116,2024-05-14,,55.0,23498.33
Aa24_237932,2024-10-08,Franz,10.0,114591.45
Aa24_226817,2024-07-13,Busch,65.0,266269.98
Aa24_207049,2024-02-13,Lehmann,26.0,656134.07
Aa24_528758,2024-11-03,,47.0,93070.58
Aa24_110207,2024-10-12,Schulz,56.0,7142.1
Aa24_839580,2024-01-22,,3.0,51542.78
Aa24_545467,2024-03-21,Küster,40.0,309826.14
Aa24_638904,2024-09-04,,16.0,106295.28
Aa24_827164,2024-02-20,Reinhardt,8.0,107613.35
Aa24_302293,2024-08-06,Vogel,57.0,405771.48
Aa24_225291,2024-04-09,,43.0,821115.23
Aa24_318811,2024-06-07,Albrecht,1.0,333293.03
Aa24_516351,2024-02-23,Böttcher,27.0,553244.98
Aa24_610100,2024-02-21,Hermann,19.0,129303.42
Aa24_932509,2024-12-30,Huber,35.0,238550.99
Aa24_557023,2024-10-03,Bauer,47.0,80114.47
Aa24_825473,2024-02-22,,5.0,354423.25
Aa24_474894,2024-04-22,Klein,63.0,254569.8
Aa24_300608,2024-10-31,,62.0,254991.5
Aa24_394530,2024-12-07,Engel,55.0,303125.7
Aa24_598611,2024-02-18,Kühn,24.0,249357.32
Aa24_815070,2024-06-05,Voß,46.0,675112.85
Aa24_637462,2024-04-24,,43.0,45616.87
Aa24_257995,2024-03-29,Meier,42.0,215290.56
Aa24_517579,2024-02-13,Kurz,55.0,281143.68
Aa24_832278,2024-03-09,Kern,26.0,10235.84
Aa24_311467,2024-06-25,Schumacher,43.0,158694.61
Aa24_665454,2024-12-30,Hoffmann,50.0,108898.56
Aa24_488174,2024-03-07,Hermann,63.0,339783.67
Aa24_764466,2024-10-02,Körner,3.0,295073.5
Aa24_843886,2024-11-15,,37.0,37810.15
Aa24_529168,2024-07-27,Reinhardt,47.0,364977.6
Aa24_636345,2024-10-28,Ludwig,52.0,88747.68
Aa24_354436,2024-07-04,Seidel,27.0,74357.76
Aa24_653893,2024-01-07,Huber,21.0,437273.28
Aa24_330234,2024-01-08,Beer,15.0,665322.87
Aa24_582946,2024-05-20,Wolf,15.0,36089.3
Aa24_765775,2024-10-10,Voß,2.0,9694.55
Aa24_344687,2024-02-17,,39.0,52004.82
Aa24_145887,2024-01-14,Werner,33.0,260347.81
Aa24_503370,2024-04-21,Beer,49.0,26815.24
Aa24_179505,2024-07-28,,62.0,785886.7
Aa24_845029,2024-12-25,Vogel,18.0,124859.25
Aa24_320388,2024-08-30,Klein,33.0,16359.4
Aa24_174175,2024-01-08,Körner,63.0,537913.91
Aa24_560392,2024-07-06,Schulze,51.0,33863.54
Aa24_905400,2024-11-21,Kern,48.0,500441.14
Aa24_727879,2024-03-19,Arnold,24.0,16201.11
Aa24_598063,2024-10-14,Maier,53.0,38328.71
Aa24_691013,2024-07-15,Braun,33.0,27804.94
Aa24_608103,2024-05-25,Lang,8.0,401.8
Aa24_526874,2024-08-27,Schmidt,59.0,267546.24
Aa24_252084,2024-04-10,Kühn,48.0,373772.67
Aa24_435279,2024-05-02,,8.0,609258.78
Aa24_870640,2024-01-29,,28.0,23963.3
Aa24_409276,2024-06-10,Busch,35.0,225664.17
Aa24_480011,2024-07-11,Albrecht,45.0,165980.7
Aa24_452421,2024-10-27,Hartmann,22.0,34582.68
Aa24_193496,2024-11-25,,14.0,56236.22
Aa24_321678,2024-11-01,John,19.0,319134.31
Aa24_822172,2024-10-21,Graf,47.0,134407.0
Aa24_511031,2024-10-26,Arnold,11.0,314562.97
Aa24_741375,2024-05-30,Haas,38.0,117757.57
Aa24_785070,2024-07-14,,43.0,8438.95
Aa24_623947,2023-12-15,,7.0,397408.55
Aa24_187724,2024-06-08,Friedrich,4.0,59262.51
Aa24_721540,2024-05-09,Lange,9.0,133149.78
Aa24_730713,2024-04-05,König,45.0,391968.55
Aa24_593281,2024-10-11,Koch,45.0,30546.38
Aa24_875630,2024-06-21,Bernhardt,63.0,27000.76
Aa24_542853,2024-11-02,,20.0,21767.33
Aa24_976802,2024-11-19,Hartmann,24.0,4497.32
Aa24_207417,2024-06-25,Schwarz,16.0,798160.61
Aa24_825493,2024-01-25,John,53.0,116454.01
Aa24_892229,2024-06-15,,14.0,948514.02
Aa24_612268,2024-11-08,Krause,1.0,118251.9
Aa24_721091,2024-09-06,Bauer,62.0,635290.68
Aa24_398705,2024-10-13,,55.0,130991.93
Aa24_783654,2024-07-01,Vogel,32.0,90905.84
Aa24_825970,2024-08-21,,2.0,547944.85
Aa24_731844,2024-11-03,,6.0,189702.08
Aa24_890945,2024-06-26,,53.0,35463.12
Aa24_828449,2024-08-01,Urban,49.0,440861.64
Aa24_921980,2024-06-07,Lehmann,37.0,11259.88
Aa24_926301,2024-05-18,Michel,11.0,47681.92
Aa24_932119,2024-05-15,Werner,46.0,241367.18
Aa24_147648,2024-08-21,Böhm,13.0,58915.24
Aa24_252116,2024-10-20,,28.0,870794.31
Aa24_683119,2024-07-29,Franz,35.0,452316.19
Aa24_638943,2024-11-25,,10.0,534560.11
Aa24_185248,2024-01-03,Berger,60.0,330106.4
Aa24_630803,2024-10-05,,16.0,42693.42
Aa24_350244,2024-11-25,Busch,17.0,179296.98
Aa24_256095,2024-08-22,John,18.0,213851.77
Aa24_836540,2024-09-18,Krause,54.0,29980.24
Aa24_892404,2024-03-18,Seidel,61.0,265045.9
Aa24_196584,2024-04-22,Hermann,1.0,107264.41
Aa24_255688,2024-06-29,Voß,18.0,20228.22
Aa24_239539,2024-12-02,Vogel,3.0,121934.12
Aa24_499384,2024-01-21,Schmitt,13.0,22877.14
Aa24_432995,2024-09-28,Klein,59.0,150539.76
Aa24_457927,2024-10-04,Koch,41.0,121807.22
Aa24_781451,2024-01-15,Richter,17.0,842524.7
Aa24_317167,2024-01-18,Werner,46.0,88594.15
Aa24_493303,2024-05-01,,17.0,20966.38
Aa24_240387,2024-03-10,Müller,64.0,788469.63
Aa24_194634,2024-08-08,,4.0,5581.25
Aa24_584195,2024-10-29,Nowak,52.0,577261.35
Aa24_664828,2024-09-12,Bernhardt,12.0,33666.73
Aa24_198336,2024-11-30,Kraus,14.0,197482.02
Aa24_373918,2024-06-29,Walter,59.0,327858.5
Aa24_274893,2024-08-26,Becker,25.0,450585.89
Aa24_555989,2024-06-20,Küster,51.0,53193.64
Aa24_862228,2024-03-14,Franz,60.0,583365.12
Aa24_241302,2024-03-23,,26.0,297133.5
Aa24_802731,2024-11-06,Huber,45.0,230601.73
Aa24_638506,2024-08-06,Peters,20.0,241985.09
Aa24_126782,2024-01-15,Werner,48.0,502752.25
Aa24_885695,2024-03-10,Schmitz,45.0,55439.33
Aa24_275283,2024-08-08,Meier,62.0,340221.37
Aa24_508987,2024-08-26,Kern,18.0,133867.23
Aa24_522162,2024-09-29,,2.0,52526.94
Aa24_191018,2024-11-29,Kurz,36.0,313497.52
Aa24_167353,2024-01-08,Kunz,58.0,296200.38
Aa24_374611,2024-09-20,Brandt,40.0,104393.72
Aa24_996224,2024-06-16,Sommer,9.0,123513.47
Aa24_937361,2024-07-07,Krause,43.0,53068.71
Aa24_781158,2024-10-28,,38.0,334374.96
Aa24_580931,2024-03-30,Kuhn,27.0,229560.73
Aa24_103962,2024-10-19,Lang,58.0,129360.98
Aa24_575246,2024-10-24,,34.0,823185.49
Aa24_390777,2024-06-13,Meyer,38.0,109386.88
Aa24_896251,2024-02-09,Zimmermann,59.0,13647.7
Aa24_734979,2024-12-30,Lange,34.0,22526.3
Aa24_496883,2024-10-10,Heinrich,36.0,47344.91
Aa24_282157,2024-01-05,Küster,15.0,6803.16
Aa24_853143,2024-05-10,Neumann,59.0,76998.8
Aa24_279389,2024-04-21,,42.0,235434.76
Aa24_301043,2024-05-04,Schmidt,2.0,327702.29
Aa24_132830,2024-02-07,Simon,63.0,222818.46
Aa24_998146,2024-03-14,Ritter,37.0,522153.82
Aa24_621921,2024-07-21,,27.0,854735.82
Aa24_959609,2024-08-29,Köhler,7.0,33720.97
Aa24_445489,2024-07-30,Jäger,15.0,278952.49
Aa24_281641,2024-12-21,Hoffmann,32.0,243732.59
Aa24_704450,2024-09-03,Voigt,32.2,416175.78
Aa24_392372,2024-02-28,Albrecht,15.0,103744.0
Aa24_261505,2024-05-12,,2.0,43113.15
Aa24_875602,2024-03-14,Engel,26.0,170517.77
Aa24_905227,2024-09-28,Köhler,45.0,50004.38
Aa24_139117,2024-01-08,Krüger,18.0,40370.83
Aa24_380498,2024-04-23,,10.0,211868.51
Aa24_836719,2024-02-28,Vogel,18.0,369993.96
Aa24_383984,2024-09-26,Wagner,3.0,437934.11
Aa24_880868,2024-04-14,Schneider,62.0,633959.28
Aa24_407353,2024-09-12,Becker,31.0,65473.5
Aa24_711047,2024-10-24,Keller,59.0,269940.3
Aa24_662539,2024-11-08,,27.0,338058.48
Aa24_922968,2024-02-17,Werner,52.0,74840.91
Aa24_523107,2024-04-25,Dietrich,9.0,128696.96
Aa24_876332,2024-10-24,Körner,48.0,30470.91
Aa24_431412,2024-07-30,Pohl,47.0,872518.64
Aa24_426588,2024-09-02,Voß,56.0,181517.92
Aa24_658888,2024-10-13,Neumann,18.0,181133.83
Aa24_739173,2024-05-10,Winter,61.0,501483.34
Aa24_563056,2024-09-30,Nowak,19.0,142809.1
Aa24_470982,2024-01-23,Schneider,8.0,463836.28
Aa24_151480,2024-06-22,Schulz,30.0,662980.8
Aa24_120090,2024-03-14,,28.0,746.05
Aa24_878651,2024-01-05,Schulze,37.0,17506.49
Aa24_698369,2024-03-25,Franz,52.0,469495.72
Aa24_541547,2024-03-01,,1.0,833762.71
Aa24_218826,2024-06-16,Schröder,37.0,472650.59
Aa24_212637,2024-04-11,Jäger,36.0,65894.16
Aa24_220074,2024-12-19,Mayer,15.0,58324.55
Aa24_938920,2024-01-21,Schmidt,32.0,522787.27
Aa24_630448,2024-09-10,Urban,42.0,303507.1
Aa24_168445,2024-02-03,Küster,14.0,48906.65
Aa24_265931,2024-11-12,,46.0,17606.09
Aa24_626691,2024-06-30,Voigt,15.0,21721.0
Aa24_248514,2024-10-26,Hartmann,45.0,475086.6
Aa24_451251,2024-01-03,Meyer,3.0,241941.69
Aa24_173003,2024-07-21,Franz,47.0,353289.05
Aa24_561705,2024-01-22,Franz,32.0,461499.91
Aa24_132411,2024-04-28,Becker,49.0,531380.16
Aa24_487484,2024-12-05,,21.0,151128.19
Aa24_370830,2024-03-01,Keller,10.0,28095.17
Aa24_732604,2024-11-15,Voigt,51.0,18163.13
Aa24_863726,2024-12-06,Jung,15.0,71221.57
Aa24_561431,2024-08-27,Voß,23.0,189935.83
Aa24_961299,2024-09-18,Winter,40.0,2181.74
Aa24_752488,2024-10-23,Berger,13.0,150667.2
Aa24_958708,2024-10-19,Hoffmann,65.0,431002.36
Aa24_602539,2024-04-11,Schmitz,60.0,290875.78
Aa24_872405,2024-07-30,Friedrich,23.0,212673.8
Aa24_453977,2024-02-06,Graf,65.0,140985.11
Aa24_764321,2024-04-13,Schröder,43.0,41217.84
Aa24_136972,2024-05-24,Ackermann,36.0,729938.35
Aa24_286387,2024-04-13,Hermann,37.0,103486.86
Aa24_815178,2024-04-13,,61.0,75332.36
Aa24_380278,2024-08-02,Ludwig,53.0,203663.4
Aa24_442892,2024-05-23,Kunz,35.0,440236.65
Aa24_341695,2024-06-14,,10.0,388081.11
Aa24_622513,2024-03-03,Richter,62.0,126833.81
Aa24_711328,2024-11-07,Engel,60.0,289422.36
Aa24_976023,2024-05-31,Seifert,23.0,756369.9
Aa24_470749,2024-09-23,,58.0,403491.06
Aa24_463560,2024-12-30,Schulz,50.0,273691.32
Aa24_380740,2024-11-20,Urban,5.0,68973.45
Aa24_465955,2024-03-07,Richter,25.0,95829.7
Aa24_198205,2024-07-12,Krüger,52.0,458740.14
Aa24_607781,2024-08-27,Schmidt,4.0,131673.6
Aa24_724734,2024-04-16,Jäger,14.0,62791.84
Aa24_909007,2024-12-22,Kern,49.0,20871.4
Aa24_360262,2024-02-02,,61.0,641919.83
Aa24_183547,2024-04-17,Neumann,47.0,104063.48
Aa24_664482,2024-12-03,Müller,26.0,113882.8
Aa24_860013,2024-11-22,Baumann,2.0,125426.34
Aa24_313829,2024-05-20,Böttcher,47.0,6951.05
Aa24_424742,2024-05-01,,56.0,48294.08
Aa24_979543,2024-12-01,,43.0,45434.78
Aa24_687597,2024-04-27,Walter,52.0,102458.07
Aa24_709079,2024-04-24,,16.0,135890.21
Aa24_122195,2024-09-03,,41.0,134689.42
Aa24_395106,2024-08-30,Reinhardt,19.0,110620.78
Aa24_581880,2024-03-22,,47.0,47096.2
Aa24_596138,2024-07-12,Ackermann,5.0,229122.28
Aa24_270301,2024-03-01,Michel,57.0,91883.02
Aa24_916402,2024-12-06,Wolf,10.0,570658.34
Aa24_476013,2024-04-08,Kraft,19.0,111216.74
Aa24_968918,2024-07-21,,5.0,581716.99
Aa24_917403,2024-04-01,Jäger,54.0,419170.3
Aa24_906155,2024-02-05,Reinhardt,36.0,638565.02
Aa24_282904,2024-01-02,Winter,51.0,672222.32
Aa24_678604,2024-10-13,Becker,11.0,208644.21
Aa24_345206,2024-12-18,Kunz,36.0,120847.55
Aa24_539628,2023-12-29,Simon,1.0,119321.28
Aa24_645932,2024-12-12,Braun,17.0,650544.88
Aa24_593687,2024-12-12,Kuhn,10.0,74463.63
Aa24_388163,2024-07-21,Peters,7.0,406796.56
Aa24_147970,2024-01-10,Voß,62.0,121168.86
Aa24_394881,2024-12-20,Ackermann,16.0,16886.95
Aa24_172247,2024-11-07,,59.0,205353.9
Aa24_809059,2024-08-10,,34.0,257666.19
Aa24_231390,2024-11-30,Böhm,8.0,82568.75
Aa24_383105,2024-10-16,Ludwig,36.0,48484.27
Aa24_325029,2024-04-20,Schulz,43.0,376108.9
Aa24_175460,2024-12-18,Schmitz,11.0,43608.85
Aa24_337594,2024-08-15,Kraft,47.0,101049.84
Aa24_963648,2024-02-04,Franke,35.0,75953.18
Aa24_441646,2024-05-30,,6.0,31043.48
Aa24_983387,2024-08-04,Voigt,21.0,12079.58
Aa24_766967,2024-02-03,Schulz,5.0,131243.85
Aa24_448250,2024-05-18,Seifert,33.0,543674.7
Aa24_730182,2024-01-18,,36.0,84888.11
Aa24_776120,2024-12-08,Nowak,13.0,216447.07
Aa24_953424,2024-09-27,,41.0,8629.34
Aa24_742991,2024-01-15,Zimmermann,52.5,28825.93
Aa24_132654,2024-06-27,Hoffmann,42.0,15982.66
Aa24_335556,2024-09-19,Lorenz,9.0,804468.27
Aa24_597923,2024-04-06,Krüger,18.0,160053.3
Aa24_742539,2024-12-22,Schmid,26.0,626554.04
Aa24_575096,2024-09-27,Braun,47.0,73378.89
Aa24_887971,2024-07-16,Brandt,55.0,584168.03
Aa24_585643,2024-01-02,,6.0,66667.22
Aa24_681605,2024-11-13,Körner,15.0,13039.92
Aa24_960742,2024-12-29,Müller,6.0,137614.75
Aa24_565269,2024-12-08,Lehmann,4.0,27493.81
Aa24_574945,2024-03-12,Kern,57.0,493967.69
Aa24_253632,2024-05-17,,42.0,737715.19
Aa24_264923,2024-02-18,Busch,40.0,350971.79
Aa24_423859,2024-08-23,Ludwig,43.0,108612.07
Aa24_376249,2024-08-07,Werner,37.0,81067.98
Aa24_580546,2024-10-27,Nowak,3.0,81779.06
Aa24_746082,2024-04-18,John,37.0,212598.18
Aa24_186042,2024-08-02,,43.0,22548.96
Aa24_364787,2024-12-15,Wolf,31.0,115290.86
Aa24_193166,2024-02-25,Schumacher,25.0,220684.73
Aa24_786822,2024-07-08,,34.0,487975.88
Aa24_923275,2024-02-04,Meier,27.0,84844.54
Aa24_500760,2024-10-17,Küster,2.0,31289.21
Aa24_974294,2024-04-25,Ludwig,44.0,96030.58
Aa24_556401,2024-08-15,Jung,61.0,532791.51
Aa24_317898,2024-07-05,,36.0,296406.13
Aa24_590347,2024-06-02,Winter,9.0,677751.06
Aa24_434730,2024-02-12,Kraus,58.0,645040.4
Aa24_696037,2024-05-09,Ackermann,30.0,127244.03
Aa24_120149,2024-09-03,Ritter,54.0,198428.12
Aa24_280666,2024-07-03,Weber,20.0,766709.6
Aa24_376274,2024-05-14,Franke,65.0,412544.13
Aa24_414566,2024-11-09,Jung,9.0,55274.94
Aa24_542620,2024-05-06,Köhler,30.0,203879.97
Aa24_508734,2024-07-14,Ritter,34.0,164300.58
Aa24_316427,2024-07-11,Kraft,16.0,415807.83
Aa24_245234,2024-11-19,Huber,12.0,551899.84
Aa24_421154,2024-10-18,Böttcher,60.0,10158.85
Aa24_152619,2024-01-03,Wolf,58.0,475562.93
Aa24_215856,2024-03-10,Ackermann,28.0,105028.38
Aa24_607253,2024-11-06,Schulze,22.0,381670.74
Aa24_575949,2024-05-07,Voigt,16.0,277835.83
Aa24_228392,2024-02-17,Lorenz,27.0,378845.92
Aa24_746730,2023-12-22,,49.0,439601.37
Aa24_575605,2024-11-03,,20.0,591808.24
Aa24_312411,2024-09-15,,41.0,525337.19
Aa24_972004,2024-02-05,Seidel,47.0,71836.2
Aa24_755577,2024-10-22,Schulze,22.0,678823.42
Aa24_899650,2024-02-27,Arnold,3.0,202617.61
Aa24_879965,2024-06-19,,50.0,324872.75
Aa24_753552,2024-04-10,Haas,35.0,406866.0
Aa24_383770,2024-06-18,Neumann,23.0,121491.6
Aa24_901681,2024-02-16,Krause,36.0,428454.45
Aa24_543936,2024-09-26,Franke,33.0,51424.85
Aa24_106223,2024-07-02,Seifert,19.0,482129.34
Aa24_253684,2024-10-23,,23.0,94288.55
Aa24_501524,2024-07-26,,61.0,734422.18
Aa24_376358,2024-02-18,Körner,1.0,443597.31
Aa24_656960,2024-12-20,Meier,32.0,61141.7
Aa24_221460,2024-06-29,Richter,20.0,108647.74
Aa24_854017,2024-02-30,Vogel,29.0,186498.06
Aa24_873333,2024-03-01,Heinrich,11.0,39398.98
Aa24_544636,2024-10-27,Braun,56.0,435889.64
Aa24_617998,2024-05-19,Köhler,61.0,196794.89
Aa24_368908,2024-07-23,Engel,20.0,139344.65
Aa24_793509,2024-10-22,Fischer,57.0,10427.45
Aa24_622133,2024-04-18,Pohl,20.0,52559.67
Aa24_523035,2024-05-16,,15.0,719754.14
Aa24_725386,2024-04-17,Haas,8.0,301264.55
Aa24_464419,2024-09-01,Franz,64.0,186302.23
Aa24_177007,2024-02-30,Bernhardt,52.0,369010.71
Aa24_928082,2024-07-01,Kern,12.0,69618.96
Aa24_973572,2024-04-13,Zimmermann,0,18458.55
Aa24_296210,2024-11-21,Peters,20.0,328407.44
Aa24_237062,2024-09-12,John,0.1,231630.01
